Chromophore,Solvent,Quantum yield
CC1=CC(C)=[N+]2C1=C(c1ccccc1)c1c(C)cc(C)n1[B-]2(F)F,CO,0.58
COc1ccccc1C1=C2C(C)=CC(C)=[N+]2[B-](F)(F)n2c(C)cc(C)c21,CO,0.69
COc1cccc(OC)c1C1=C2C(C)=CC(C)=[N+]2[B-](F)(F)n2c(C)cc(C)c21,CO,0.58
COc1cc(OC)c(C2=C3C(C)=CC(C)=[N+]3[B-](F)(F)n3c(C)cc(C)c32)c(OC)c1,CO,0.68
F[B-]1(F)n2c(Nc3cccc4cccnc34)ccc2C(c2ccccc2)=C2C=CC(Cl)=[N+]21,ClC(Cl)Cl,0.01
Cc1cc(C)c(C2=C3C=CC(c4cccc5ccccc45)=[N+]3[B-](F)(F)n3c2ccc3-c2cccc3ccccc23)c(C)c1,ClC(Cl)Cl,0.95
Cc1cc(C)c(C2=C3C=CC(c4ccc5ccccc5c4)=[N+]3[B-](F)(F)n3c2ccc3-c2ccc3ccccc3c2)c(C)c1,ClC(Cl)Cl,0.95
Cc1cc(C)c(C2=C3C=CC(c4ccc5c(ccc6ccccc65)c4)=[N+]3[B-](F)(F)n3c2ccc3-c2ccc3c(ccc4ccccc43)c2)c(C)c1,ClC(Cl)Cl,0.77
CCCC1=CC2=C(c3c(C)cc(C)cc3C)c3cc(CCC)c(-c4ccc5ccc6cccc7ccc4c5c67)n3[B-](F)(F)[N+]2=C1c1ccc2ccc3cccc4ccc1c2c34,ClC(Cl)Cl,0.64
Cc1cc(C)c(C2=C3C=CC(c4csc5ccccc45)=[N+]3[B-](F)(F)n3c2ccc3-c2csc3ccccc23)c(C)c1,ClC(Cl)Cl,0.84
F[B-]1(F)n2c(ccc2-c2nc3ccccc3s2)C(c2ccccc2)=C2C=CC(c3nc4ccccc4s3)=[N+]21,ClC(Cl)Cl,0.86
COC(=O)c1ccc(C2=C3C(C)=CC(C)=[N+]3[B-](F)(F)n3c(/C=C/c4c[nH]cn4)cc(C)c32)cc1,ClC(Cl)Cl,0.93
CC1=C(/C=C/c2ccccc2)C(C)=[N+]2C1=C(c1ccccc1)c1c(C)c(/C=C/c3ccccc3)c(C)n1[B-]2(F)F,ClC(Cl)Cl,0.01
CCOC(=O)c1ccc(/C=C/C2=[N+]3C(=C(c4ccccc4)c4ccc(/C=C/c5ccc(C(=O)OCC)o5)n4[B-]3(F)F)C=C2)o1,ClC(Cl)Cl,0.29
CCCCCCCCCCOc1cc(OCCCCCCCCCC)cc(C2=C3C(C)=CC(/C=C/c4ccc(OC)cc4)=[N+]3[B-](F)(F)n3c(/C=C/c4ccc(OC)cc4)cc(C)c32)c1,ClC(Cl)Cl,0.37
CCCCCCCCCCOc1cc(OCCCCCCCCCC)cc(C2=C3C(C)=CC(/C=C/c4ccc(OC)cc4)=[N+]3[B-](F)(F)n3c(/C=C/c4ccc(OC)cc4)cc(C=Cc4ccc(OC)cc4)c32)c1,ClC(Cl)Cl,0.35
CCCCCCCCCCOc1cc(OCCCCCCCCCC)cc(C2=C3C(/C=C/c4ccc(OC)cc4)=CC(/C=C/c4ccc(OC)cc4)=[N+]3[B-](F)(F)n3c(/C=C/c4ccc(OC)cc4)cc(C=Cc4ccc(OC)cc4)c32)c1,ClC(Cl)Cl,0.34
CCCCCCCCCCOc1cc(OCCCCCCCCCC)cc(C2=C3C(/C=C/c4ccc(OC)cc4)=C(C#Cc4ccc(C(C)(C)C)cc4)C(/C=C/c4ccc(OC)cc4)=[N+]3[B-](F)(F)n3c(/C=C/c4ccc(OC)cc4)c(C#Cc4ccc(C(C)(C)C)cc4)c(/C=C/c4ccc(OC)cc4)c32)c1,ClC(Cl)Cl,0.23
CCCCCCCCCCOc1cc(OCCCCCCCCCC)cc(C2=C3C(/C=C/c4ccc(N(C)C)cc4)=C(C#Cc4ccc(C(C)(C)C)cc4)C(/C=C/c4ccc(N(C)C)cc4)=[N+]3[B-](F)(F)n3c(/C=C/c4ccc(N(C)C)cc4)c(C#Cc4ccc(C(C)(C)C)cc4)c(/C=C/c4ccc(N(C)C)cc4)c32)c1,ClC(Cl)Cl,0.05
Cc1ccc(C2=C3C=CC(Nc4ccccc4)=[N+]3[B-](F)(F)n3c(Nc4ccccc4)ccc32)cc1,CO,0.45
F[B-]1(F)n2c(c(-c3ccccc3)c3c2C2=Cc4ccccc4OC2CC3)C=C2C(c3ccccc3)=C3CCC4Oc5ccccc5C=C4C3=[N+]21,ClC(Cl)Cl,0.06
Cc1cc2c(o1)=CC1=Cc3cc4oc(C)cc4n3[B-](F)(F)[N+]=21,ClC(Cl)Cl,0.96
F[B-]1(F)n2c(cc3oc(-c4ccccc4)cc32)C=C2C=c3oc(-c4ccccc4)cc3=[N+]21,ClC(Cl)Cl,0.9
COc1ccc(-c2cc3c(o2)=CC2=Cc4cc5oc(-c6ccc(OC)cc6)cc5n4[B-](F)(F)[N+]=32)cc1,ClC(Cl)Cl,0.86
COc1ccc(-c2cc3c(o2)=CC2=C(C(F)(F)F)c4cc5oc(-c6ccc(OC)cc6)cc5n4[B-](F)(F)[N+]=32)cc1,ClC(Cl)Cl,0.56
COc1ccccc1-c1cc2c(o1)=CC1=Cc3cc4oc(-c5ccccc5OC)cc4n3[B-](F)(F)[N+]=21,ClC(Cl)Cl,0.91
COc1ccc(-c2cc3c(s2)=CC2=C(C(F)(F)F)c4cc5sc(-c6ccc(OC)cc6)cc5n4[B-](F)(F)[N+]=32)cc1,ClC(Cl)Cl,0.37
CC1=c2c3c4cccc5cccc(c=3c(C)[n+]2[B-](F)(F)n2c(C)c3c(c21)-c1cccc2cccc-3c12)c54,ClC(Cl)Cl,0.0
CC(C)C1=c2c(c3[nH]cc(C(C)C)c3c3ccccc23)=[N+]2C1=Cc1c(C(C)C)c3c4ccccc4c4c(C(C)C)c[nH]c4c3n1[B-]2(F)F,ClC(Cl)Cl,0.63
F[B-]1(F)n2c(-c3ccccc3)cc(-c3ccccc3)c2N=C2C(c3ccccc3)=CC(c3ccccc3)=[N+]21,ClC(Cl)Cl,0.34
COc1ccc(C2=[N+]3C(=Nc4c(-c5ccccc5)cc(-c5ccc(OC)cc5)n4[B-]3(F)F)C(c3ccccc3)=C2)cc1,ClC(Cl)Cl,0.36
COc1ccc(C2=CC(c3ccccc3)=[N+]3C2=Nc2c(-c4ccc(OC)cc4)cc(-c4ccccc4)n2[B-]3(F)F)cc1,ClC(Cl)Cl,0.23
COc1ccc(C2=[N+]3C(=Nc4c(-c5ccccc5)c5c(n4[B-]3(F)F)-c3ccc(OC)cc3CC5)C(c3ccccc3)=C2)cc1,ClC(Cl)Cl,0.38
COc1ccc2c(c1)CCC1=C(c3ccccc3)C3=Nc4c(-c5ccccc5)c5c(n4[B-](F)(F)[N+]3=C12)-c1ccc(OC)cc1CC5,ClC(Cl)Cl,0.28
COc1ccc2c(c1)SCC1=C(c3ccccc3)C3=Nc4c(-c5ccccc5)c5c(n4[B-](F)(F)[N+]3=C12)-c1ccc(OC)cc1SC5,ClC(Cl)Cl,0.11
COc1ccc2c(c1)CCc1c(-c3ccccc3)c3n(c1-2)[B-](F)(F)[N+]1=C2C(=C(c4ccccc4)C1=N3)CCc1ccccc12,ClC(Cl)Cl,0.32
COc1ccc2c(c1)CCc1c(-c3ccccc3)c3n(c1-2)[B-](F)(F)[N+]1=c2ccc4ccccc4c2=C(c2ccccc2)C1=N3,ClC(Cl)Cl,0.11
CC1=CC(C)=[N+]2C1=C(C1=C3C(C)=CC(C)=[N+]3[B-](F)(F)n3c(C)cc(C)c31)c1c(C)cc(C)n1[B-]2(F)F,ClC(Cl)Cl,0.31
CC1=CC(C)=[N+]2C1=C(C1=C(C)C3=C(C)c4c(C)cc(C)n4[B-](F)(F)[N+]3=C1C)c1c(C)cc(C)n1[B-]2(F)F,ClC(Cl)Cl,0.03
CCCCCCCCOc1ccc(-c2c3c4n(c(-c5ccc(OCCCCCCCC)cc5)c3c3n2[B-](F)(F)[n+]2c(ccc5cc(C(C)(C)C)ccc52)C=3C#N)[B-](F)(F)[n+]2c(ccc3cc(C(C)(C)C)ccc32)C=4C#N)cc1,ClC(Cl)Cl,0.59
CCCCCCCCOc1ccc(-c2c3c4n(c(-c5ccc(OCCCCCCCC)cc5)c3c3n2[B-](F)(F)[n+]2ccccc2N=3)[B-](F)(F)[n+]2ccccc2N=4)cc1,ClC(Cl)Cl,0.89
CCCCCCCCOc1ccc(-c2c3c4n(c(-c5ccc(OCCCCCCCC)cc5)c3c3n2[B-](F)(F)[n+]2c(sc5ccccc52)N=3)[B-](F)(F)[n+]2c(sc3ccccc32)N=4)cc1,ClC(Cl)Cl,0.81
CCCCCCCCOc1ccc(-c2c3c4n(c(-c5ccc(OCCCCCCCC)cc5)c3c3n2[B-](F)(F)[n+]2c(ccc5ccccc52)N=3)[B-](F)(F)[n+]2c(ccc3ccccc32)N=4)cc1,ClC(Cl)Cl,0.83
CCC1=C(CC)C(C)=[N+]2C1=Cc1c(C)c3cc4c(cc3n1[B-]2(F)F)=[N+]1C(=Cc2c(CC)c(CC)c(C)n2[B-]1(F)F)C=4C,ClC(Cl)Cl,0.72
CCc1c(CC)c2n(c1C)[B-](F)(F)[N+]1=C(C)c3cc4c(cc3C1=C2)=[N+]1C(=Cc2c(CC)c(CC)c(C)n2[B-]1(F)F)C=4C,ClC(Cl)Cl,0.32
CC1=c2cc3c(C)c4n(c3cc2=[N+]2C1=Cc1c3ccccc3c(C)n1[B-]2(F)F)[B-](F)(F)[N+]1=C(C)c2ccccc2C1=C4,ClC(Cl)Cl,0.36
CC1=c2cc3c(cc2=[N+]2C1=Cc1c4ccccc4c(C)n1[B-]2(F)F)C1=Cc2c4ccccc4c(C)n2[B-](F)(F)[N+]1=C3C,ClC(Cl)Cl,0.04
CCN(CC)c1ccc(/C=C/C2=[O+][B-](F)(F)Oc3c2c(=O)oc2cc(N(CC)CC)ccc32)cc1,ClC(Cl)Cl,0.75
CCN(CC)c1ccc(/C=C/C2=[O+][B-](F)(F)Oc3c2c(=O)oc2cc(N(CC)CC)ccc32)cc1,CO,0.016
F[B-]1(F)n2cccc2C=C2C=CC=[N+]21,CO,0.96
CC1=[N+]2C(=Cc3cccn3[B-]2(F)F)C=C1,CO,1.0
CC1=C2C=CC=[N+]2[B-](F)(F)n2cccc21,CO,1.0
CC1=CC(C)=[N+]2C1=Cc1cccn1[B-]2(F)F,CO,0.99
CC1=C2C=CC(C)=[N+]2[B-](F)(F)n2cccc21,CO,1.0
CC1=CC(C)=[N+]2C1=C(C)c1cccn1[B-]2(F)F,CO,1.0
CC1=CC(C)=[N+]2C1=Cc1c(C)cc(C)n1[B-]2(F)F,CO,0.99
F[B-]1(F)n2cccc2C2=[N+]1c1cccc3cccc(c13)N2,CO,0.003
F[B-]1(F)N2C(=Nc3cccc4cccc2c34)c2cccc[n+]21,CO,0.007
C#CCNC1=C2C=CC=[N+]2[B-](F)(F)n2cccc21,ClC(Cl)Cl,0.829
CN(C)c1ccc(C2=Cc3ccc4ccccc4[n+]3[B-](F)(F)O2)cc1,ClC(Cl)Cl,0.86
COc1ccc(C2=Cc3ccc4ccccc4[n+]3[B-](F)(F)O2)cc1,ClC(Cl)Cl,0.94
Cc1ccc(C2=Cc3ccc4ccccc4[n+]3[B-](F)(F)O2)cc1,ClC(Cl)Cl,0.75
Cc1cccc(C2=Cc3ccc4ccccc4[n+]3[B-](F)(F)O2)c1,ClC(Cl)Cl,0.53
F[B-]1(F)OC(c2ccccc2)=Cc2ccc3ccccc3[n+]21,ClC(Cl)Cl,0.53
Fc1cccc(C2=Cc3ccc4ccccc4[n+]3[B-](F)(F)O2)c1,ClC(Cl)Cl,0.47
F[B-]1(F)OC(c2ccc(C(F)(F)F)cc2)=Cc2ccc3ccccc3[n+]21,ClC(Cl)Cl,0.37
CCC1=C(C)C2=C(c3cc(C(=O)Cl)cc(C(=O)Cl)c3)c3c(C)c(CC)c(C)n3[B-](F)(F)[N+]2=C1C,ClC(Cl)Cl,0.53
CCC1=C(C)C2=C(c3cc(C(=O)Cl)cc(C4=C5C(C)=C(CC)C(C)=[N+]5[B-](F)(F)n5c(C)c(CC)c(C)c54)c3)c3c(C)c(CC)c(C)n3[B-](F)(F)[N+]2=C1C,ClC(Cl)Cl,0.7
CCC1=C(C)C2=C(c3cc(C4=C5C(C)=C(CC)C(C)=[N+]5[B-](F)(F)n5c(C)c(CC)c(C)c54)cc(C4=C5C(C)=C(CC)C(C)=[N+]5[B-](F)(F)n5c(C)c(CC)c(C)c54)c3)c3c(C)c(CC)c(C)n3[B-](F)(F)[N+]2=C1C,ClC(Cl)Cl,0.88
CCC1=C(C)C2=C(C)c3c(C)c(CC)c(C)n3[B-](F)(F)[N+]2=C1C,CO,0.91
CN(C)c1ccc(C2=Cc3cccc[n+]3[B-](F)(F)O2)cc1,ClC(Cl)Cl,0.705
CN(C)c1ccc(C2=Cc3cccc[n+]3[B-](F)(F)O2)cc1,CO,0.454
CN(C)c1ccc(C2=Cc3ccc4ccccc4[n+]3[B-](F)(F)O2)cc1,CO,0.308
CN(C)c1ccc(C2=Cc3c4ccccc4cc[n+]3[B-](F)(F)O2)cc1,ClC(Cl)Cl,0.743
CN(C)c1ccc(C2=Cc3c4ccccc4cc[n+]3[B-](F)(F)O2)cc1,CO,0.499
CN(C)c1ccc(C2=Cc3c4ccccc4c4ccccc4[n+]3[B-](F)(F)O2)cc1,ClC(Cl)Cl,0.811
CN(C)c1ccc(C2=Cc3c4ccccc4c4ccccc4[n+]3[B-](F)(F)O2)cc1,CO,0.471
Cc1cc(C)c(C2=C3C=CC=[N+]3[B-]3(F)Oc4cc(O)cc5c6ccc(C)cc6c6cc2n3c6c45)c(C)c1,ClC(Cl)Cl,0.35
CC(C)(C)/C=C/C1=[N+]2C(=C(c3c4ccccc4cc4ccccc34)c3ccc(/C=C/C(C)(C)C)n3[B-]2(F)F)C=C1,ClC(Cl)Cl,0.58
CC1=[N+]2C(=C(c3c4ccccc4cc4ccccc34)c3ccc(C)n3[B-]2(F)F)C=C1,ClC(Cl)Cl,0.01
CC1=[N+]2C(=C(c3c4ccccc4cc4ccccc34)c3ccc(/C=C/C(C)(C)C)n3[B-]2(F)F)C=C1,ClC(Cl)Cl,0.32
Cc1ccc(C2=C3C=CC(C#Cc4ccccc4)=[N+]3[B-](F)(F)n3c(Cl)ccc32)cc1,ClC(Cl)Cl,0.95
Cc1ccc(C2=C3C=CC(C#Cc4ccccc4)=[N+]3[B-](F)(F)n3c(Cl)ccc32)cc1,CO,0.98
Cc1ccc(C2=C3C=CC(C#Cc4ccccc4)=[N+]3[B-](F)(F)n3c(C#Cc4ccccc4)ccc32)cc1,ClC(Cl)Cl,1.0
Cc1ccc(C2=C3C=CC(C#Cc4ccccc4)=[N+]3[B-](F)(F)n3c(C#Cc4ccccc4)ccc32)cc1,CO,1.0
Cc1ccc(C2=C3C=CC(/C=C/c4ccccc4)=[N+]3[B-](F)(F)n3c(Cl)ccc32)cc1,ClC(Cl)Cl,0.68
Cc1ccc(C2=C3C=CC(/C=C/c4ccccc4)=[N+]3[B-](F)(F)n3c(Cl)ccc32)cc1,CO,0.55
Cc1ccc(C2=C3C=CC(/C=C/c4ccccc4)=[N+]3[B-](F)(F)n3c(/C=C/c4ccccc4)ccc32)cc1,ClC(Cl)Cl,0.93
Cc1ccc(C2=C3C=CC(/C=C/c4ccccc4)=[N+]3[B-](F)(F)n3c(/C=C/c4ccccc4)ccc32)cc1,CO,0.92
Cc1ccc(C2=C3C=CC(c4ccccc4)=[N+]3[B-](F)(F)n3c(Cl)ccc32)cc1,ClC(Cl)Cl,0.095
Cc1ccc(C2=C3C=CC(c4ccccc4)=[N+]3[B-](F)(F)n3c(Cl)ccc32)cc1,CO,0.037
Cc1ccc(C2=C3C=CC(c4ccccc4)=[N+]3[B-](F)(F)n3c2ccc3-c2ccccc2)cc1,ClC(Cl)Cl,0.31
Cc1ccc(C2=C3C=CC(c4ccccc4)=[N+]3[B-](F)(F)n3c2ccc3-c2ccccc2)cc1,CO,0.21
COc1ccc2n1[B-](F)(F)[N+]1=C(c3ccccc3)C=CC1=C2c1ccc(C)cc1,ClC(Cl)Cl,0.38
COc1ccc2n1[B-](F)(F)[N+]1=C(c3ccccc3)C=CC1=C2c1ccc(C)cc1,CO,0.23
CCCCCCCCCCCCCCCCCCC1=[N+]2C(=C(NCCS(=O)(=O)[O-])c3ccc(CCCCCCCCCCCCCCCCCC)n3[B-]2(F)F)C=C1.[Na+],CO,0.81
COc1ccc(C2=C3C(C)=CC(C)=[N+]3[B-](F)(F)n3c(/C=C/c4ccc(N(C)C)cc4)cc(C)c32)cc1,ClC(Cl)Cl,0.82
COc1ccc(C2=C3C(C)=CC(C)=[N+]3[B-](F)(F)n3c(/C=C/c4ccc(N(C)C)cc4)cc(C)c32)cc1,CO,0.16
COc1ccc(C2=Cc3c4ccccc4cc[n+]3[B-](F)(F)O2)cc1,ClC(Cl)Cl,0.313
Cc1ccc(C2=Cc3c4ccccc4cc[n+]3[B-](F)(F)O2)cc1,ClC(Cl)Cl,0.087
Cc1cccc(C2=Cc3c4ccccc4cc[n+]3[B-](F)(F)O2)c1,ClC(Cl)Cl,0.06
F[B-]1(F)OC(c2ccccc2)=Cc2c3ccccc3cc[n+]21,ClC(Cl)Cl,0.046
F[B-]1(F)OC(c2ccc(C(F)(F)F)cc2)=Cc2c3ccccc3cc[n+]21,ClC(Cl)Cl,0.026
CC1=C(C(C)(C)C)C(C)=[N+]2C1=C(C)c1c(C)c(C(C)(C)C)c(C)n1[B-]2(F)F,CO,0.48
Cc1cc(C)c(C2=C3C=C(/C=C/C(=O)OC(C)(C)C)C=[N+]3[B-](F)(F)n3c2ccc3N2CCOCC2)c(C)c1,CO,0.21
CCN(CC)c1ccc2cc(/C=C/C3=CC(/C=C/c4cc5ccc(N(CC)CC)cc5oc4=O)=[O+][B-](F)(F)O3)c(=O)oc2c1,ClC(Cl)Cl,0.504
CCN(CC)c1ccc2cc(/C=C/C3=C4CC/C(=C\c5cc6ccc(N(CC)CC)cc6oc5=O)C4=[O+][B-](F)(F)O3)c(=O)oc2c1,ClC(Cl)Cl,0.22
O=C1c2cccn2[B-](F)(F)[n+]2ccccc21,ClC(Cl)Cl,0.00275
O=C1c2cccn2[B-](F)(F)[n+]2ccccc21,CO,0.00714
Cc1ccc(C2=C3C=CC=[N+]3[B-](F)(F)n3cccc32)cc1,CO,0.018
CCC1=C(C)C2=C(C)c3cccn3[B-](F)(F)[N+]2=C1C,CO,0.76
CCC1=C(C)C2=Cc3cccn3[B-](F)(F)[N+]2=C1C,CO,0.6
COc1cc(/C=C/C2=CC(/C=C/c3ccc(O)c(OC)c3)=[O+][B-](F)(F)O2)ccc1O,ClC(Cl)Cl,0.395
COc1cc(/C=C/C2=CC(/C=C/c3ccc(O)c(OC)c3)=[O+][B-](F)(F)O2)ccc1O,CO,0.009
COc1ccc(/C=C/C2=CC(/C=C/c3ccc(OC)c(OC)c3)=[O+][B-](F)(F)O2)cc1OC,ClC(Cl)Cl,0.544
COc1ccc(/C=C/C2=CC(/C=C/c3ccc(OC)c(OC)c3)=[O+][B-](F)(F)O2)cc1OC,CO,0.021
CC1=[N+]2C(=C(c3c4ccccc4cc4ccccc34)c3ccc(C)n3[B-]2(F)F)C=C1,ClC(Cl)Cl,0.004
CC1=[N+]2C(=C(c3c4ccccc4cc4ccccc34)c3ccc(C)n3[B-]2(F)F)C=C1,CO,0.001
CC1=[N+]2C(=c3c4c5ccccc5cc5cccc(c6cc(C)n(c36)[B-]2(F)F)c54)C=C1,ClC(Cl)Cl,0.4
CC1=[N+]2C(=c3c4c5ccccc5cc5cccc(c6cc(C)n(c36)[B-]2(F)F)c54)C=C1,CO,0.1
Cc1ccc(C2=C3C=CC(Cl)=[N+]3[B-](F)(F)n3c(Cl)ccc32)cc1,CO,0.27
Cc1ccc(C2=C3C=CC(Cl)=[N+]3[B-](F)(F)n3c(Cl)ccc32)cc1,ClC(Cl)Cl,0.63
CCOC(=O)C(C(=O)OCC)C1=[N+]2C(=C(c3ccc(C)cc3)c3ccc(Cl)n3[B-]2(F)F)C=C1,CO,0.28
CCOC(=O)C(C(=O)OCC)C1=[N+]2C(=C(c3ccc(C)cc3)c3ccc(Cl)n3[B-]2(F)F)C=C1,ClC(Cl)Cl,0.52
CCOC(=O)C(C(=O)OCC)C1=[N+]2C(=C(c3ccc(C)cc3)c3ccc(C(C(=O)OCC)C(=O)OCC)n3[B-]2(F)F)C=C1,CO,0.35
CCOC(=O)C(C(=O)OCC)C1=[N+]2C(=C(c3ccc(C)cc3)c3ccc(C(C(=O)OCC)C(=O)OCC)n3[B-]2(F)F)C=C1,ClC(Cl)Cl,0.59
COC1=[N+]2C(=C(c3ccc(C)cc3)c3ccc(OC)n3[B-]2(F)F)C=C1,CO,0.2
COC1=[N+]2C(=C(c3ccc(C)cc3)c3ccc(OC)n3[B-]2(F)F)C=C1,ClC(Cl)Cl,0.41
COc1ccc2n1[B-](F)(F)[N+]1=CC=CC1=C2c1ccccc1,CO,0.02
CCCSc1ccc2n1[B-](F)(F)[N+]1=CC=CC1=C2c1ccccc1,CO,0.02
COC1=[N+]2C(=C(c3ccccc3)c3ccc(OC)n3[B-]2(F)F)C=C1,CO,0.14
CCCSC1=[N+]2C(=C(c3ccccc3)c3ccc(SCCC)n3[B-]2(F)F)C=C1,CO,0.42
COc1ccc2n1[B-](F)(F)[N+]1=C(SC#N)C=CC1=C2c1ccccc1,CO,0.05
CCCSc1ccc2n1[B-](F)(F)[N+]1=C(SC#N)C=CC1=C2c1ccccc1,CO,0.16
COC1=[N+]2C(=C(c3ccccc3)c3ccc(OC)n3[B-]2(F)F)C=C1SC#N,CO,0.14
COC1=[N+]2C(=C(c3ccccc3)c3cc(SC#N)c(OC)n3[B-]2(F)F)C=C1SC#N,CO,0.15
CCCSC1=[N+]2C(=C(c3ccccc3)c3ccc(SCCC)n3[B-]2(F)F)C=C1SC#N,CO,0.11
F[B-]1(F)n2c(Cl)ccc2C(c2c(Cl)cccc2Cl)=C2C=CC(NCc3ccccc3)=[N+]21,CO,0.72
F[B-]1(F)n2c(NCc3ccccc3)ccc2C(c2c(Cl)cccc2Cl)=C2C=CC(NCc3ccccc3)=[N+]21,CO,0.5
N#CSC1=CC2=C(c3c(Cl)cccc3Cl)c3cc(SC#N)c(NCc4ccccc4)n3[B-](F)(F)[N+]2=C1NCc1ccccc1,CO,0.24
CCc1c(C)c2n(c1C)[B-](F)(F)[N+]1=C(NCc3ccc(OC)cc3)C=CC1=C2C,CO,0.59
CCc1c(C)c2n(c1C)[B-](F)(F)[N+]1=C(NCc3ccc(OC)cc3)C(SC#N)=CC1=C2C,CO,0.85
CC1=CC(C)=[N+]2C1=C(c1c(F)c(F)c(NCCNP(=O)(OC(C)C)OC(C)C)c(F)c1F)c1c(C)cc(C)n1[B-]2(F)F,CO,0.08
CC1=CC(C)=[N+]2C1=C(c1c(F)c(F)c(NCCCCNP(=O)(OC(C)C)OC(C)C)c(F)c1F)c1c(C)cc(C)n1[B-]2(F)F,CO,0.04
CC1=CC(C)=[N+]2C1=C(c1c(F)c(F)c(NCCCCCCNP(=O)(OC(C)C)OC(C)C)c(F)c1F)c1c(C)cc(C)n1[B-]2(F)F,CO,0.05
F[B-]1(F)n2c(nc(-c3ccccc3)c2-c2ccccc2)-c2cccc[n+]21,ClC(Cl)Cl,0.23
F[B-]1(F)n2c(nc(-c3ccccc3)c2-c2ccccc2)-c2cccc[n+]21,CO,0.12
F[B-]1(F)n2c(nc3c4ccccc4c4ccccc4c32)-c2cccc[n+]21,ClC(Cl)Cl,0.3
F[B-]1(F)n2c(nc3c4ccccc4c4ccccc4c32)-c2cccc[n+]21,CO,0.14
CC1=CC(C)=[N+]2C1=C(c1ccc3cccnc3n1)c1c(C)cc(C)n1[B-]2(F)F,ClC(Cl)Cl,0.07
CC1=CC(C)=[N+]2C1=C(c1ccc3cccnc3n1)c1c(C)cc(C)n1[B-]2(F)F,CO,0.16
CCC1=C(C)C2=C(c3c(C)cc(C)nc3-c3cccs3)c3c(C)c(CC)c(C)n3[B-](F)(F)[N+]2=C1C,ClC(Cl)Cl,0.49
Oc1ccc(C2=[N+]3C(=C(c4ccccc4)c4cccn4[B-]3(F)F)C=C2)cc1,ClC(Cl)Cl,0.06
Oc1cccc(C2=[N+]3C(=C(c4ccccc4)c4cccn4[B-]3(F)F)C=C2)c1,ClC(Cl)Cl,0.08
COc1ccc(C2=C3C=CC(C)=[N+]3[B-](F)(F)n3c(C)ccc32)cc1,ClC(Cl)Cl,0.46
COc1ccc(C2=C3C=CC(C)=[N+]3[B-](F)(F)n3c(C)ccc32)cc1,CO,0.25
CC1=[N+]2C(=C(c3ccccc3)c3ccc(C)n3[B-]2(F)F)C=C1,ClC(Cl)Cl,0.38
CC1=[N+]2C(=C(c3ccccc3)c3ccc(C)n3[B-]2(F)F)C=C1,CO,0.19
COC(=O)c1ccc(C2=C3C=CC(C)=[N+]3[B-](F)(F)n3c(C)ccc32)cc1,ClC(Cl)Cl,0.095
COC(=O)c1ccc(C2=C3C=CC(C)=[N+]3[B-](F)(F)n3c(C)ccc32)cc1,CO,0.032
CC1=[N+]2C(=C(c3ccc(C#N)cc3)c3ccc(C)n3[B-]2(F)F)C=C1,ClC(Cl)Cl,0.055
CC1=[N+]2C(=C(c3ccc(C#N)cc3)c3ccc(C)n3[B-]2(F)F)C=C1,CO,0.026
CC1=[N+]2C(=C(c3ccc(N(C)C)cc3)c3ccc(C)n3[B-]2(F)F)C=C1,ClC(Cl)Cl,0.058
CC1=[N+]2C(=C(c3ccc(N4CCCCC4)cc3)c3ccc(C)n3[B-]2(F)F)C=C1,ClC(Cl)Cl,0.077
CC1=[N+]2C(=C(c3ccc(N4CCCCC4)cc3)c3ccc(C)n3[B-]2(F)F)C=C1,CO,0.005
CC1=[N+]2C(=C(c3ccc(N4CCOCC4)cc3)c3ccc(C)n3[B-]2(F)F)C=C1,ClC(Cl)Cl,0.11
CC1=[N+]2C(=C(c3ccc(N4CCOCC4)cc3)c3ccc(C)n3[B-]2(F)F)C=C1,CO,0.005
COc1ccc(C2=Cc3c4ccccc4c4ccccc4[n+]3[B-](F)(F)O2)cc1,ClC(Cl)Cl,0.678
Cc1ccc(C2=Cc3c4ccccc4c4ccccc4[n+]3[B-](F)(F)O2)cc1,ClC(Cl)Cl,0.275
Cc1cccc(C2=Cc3c4ccccc4c4ccccc4[n+]3[B-](F)(F)O2)c1,ClC(Cl)Cl,0.188
F[B-]1(F)OC(c2ccccc2)=Cc2c3ccccc3c3ccccc3[n+]21,ClC(Cl)Cl,0.131
COc1ccc(C2=CC(c3ccc4cc(N(C)C)ccc4c3)=[O+][B-](F)(F)O2)cc1,ClC(Cl)Cl,0.99
CN(C)c1ccc2cc(C3=[O+][B-](F)(F)OC(c4ccccc4)=C3)ccc2c1,ClC(Cl)Cl,0.9
CN(C)c1ccc2cc(C3=[O+][B-](F)(F)OC(c4ccc(C#N)cc4)=C3)ccc2c1,ClC(Cl)Cl,0.94
CC1=CC(c2ccc3cc(N(C)C)ccc3c2)=[O+][B-](F)(F)O1,ClC(Cl)Cl,0.97
COc1ccc2cc(C3=[N+]4C(=Nc5c(-c6ccccc6)cc(-c6ccc7cc(OC)ccc7c6)n5[B-]4(F)F)C(c4ccccc4)=C3)ccc2c1,ClC(Cl)Cl,0.33
Cc1ccc(-n2c3ccccc3c3cc(-c4ccc5[n+](c4)[B-](F)(F)n4c-5nc5c6ccccc6c6ccccc6c54)ccc32)cc1,ClC(Cl)Cl,0.9571
CCC1=C(C)C2C(c3ccc(-c4ccc(-c5nc6c7ccccc7c7ccccc7c6n5-c5ccc(C(C)(C)C)cc5)cc4)cc3)c3c(C)c(CC)c(C)n3[B-](F)(F)[N+]2=C1C,ClC(Cl)Cl,0.6722
CC1=CC(C)=[N+]2C1=C(c1ccc(N(C)C)cc1)c1c(C)cc(C)n1[B-]2(F)F,CO,0.003
CC1=[N+]2C(=C(c3ccc(N(C)C)cc3)c3ccc(C)n3[B-]2(F)F)C=C1,CO,0.03
CC1=CC(C)=[N+]2C1=C(c1ccc(N3CCCCC3)cc1)c1c(C)cc(C)n1[B-]2(F)F,CO,0.01
CC1=[N+]2C(=C(c3ccc(N4CCCCC4)cc3)c3ccc(C)n3[B-]2(F)F)C=C1,CO,0.003
CC1=CC(C)=[N+]2C1=C(c1ccc(N3CCOCC3)cc1)c1c(C)cc(C)n1[B-]2(F)F,CO,0.002
F[B-]1(F)n2c(-c3ccccc3)cnc2-c2cccc[n+]21,ClC(Cl)Cl,0.24
F[B-]1(F)n2c(-c3ccccc3)cnc2-c2cccc[n+]21,CO,0.17
F[B-]1(F)n2c(nc(-c3ccccc3)c2-c2ccccc2)-c2cccc[n+]21,ClC(Cl)Cl,0.3
F[B-]1(F)n2c(nc(-c3ccccc3)c2-c2ccccc2)-c2cccc[n+]21,CO,0.1
Cc1ccc(C2=C3C=CC4=[N+]3[B-](F)(F)n3c2ccc3-c2ccc([nH]2)/C(c2ccc(C)cc2)=c2/cc/c(o2)=C(\c2ccc(C)cc2)c2ccc4[nH]2)cc1,ClC(Cl)Cl,0.15
Cc1ccc(/C2=c3\cc/c(o3)=C(\c3ccc(C)cc3)c3ccc([nH]3)-c3ccc4n3[B-](F)(F)[N+]3=C(C=CC3=C4c3ccc[nH]3)c3ccc2[nH]3)cc1,ClC(Cl)Cl,0.12
Cc1ccc(/C2=c3\cc/c(o3)=C(\c3ccc(C)cc3)c3ccc([nH]3)-c3ccc4n3[B-](F)(F)[N+]3=C(C=CC3=C4c3cccs3)c3ccc2[nH]3)cc1,ClC(Cl)Cl,0.09
Cc1ccc(/C2=c3\cc/c(o3)=C(\c3ccc(C)cc3)c3ccc([nH]3)-c3ccc4n3[B-](F)(F)[N+]3=C(C=CC3=C4c3ccco3)c3ccc2[nH]3)cc1,ClC(Cl)Cl,0.08
Cc1ccc(C2=CC(c3ccc(C)cc3)=[N+]3C2=Nc2c(-c4ccc(C)cc4)cc(-c4ccc(C)cc4)n2[B-]3(F)F)cc1,ClC(Cl)Cl,0.37
CCOC(=O)/C=C/C1=C(c2ccc(C)cc2)C2=Nc3c(-c4ccc(C)cc4)cc(-c4ccc(C)cc4)n3[B-](F)(F)[N+]2=C1c1ccc(C)cc1,ClC(Cl)Cl,0.24
COc1ccc(-c2c(-c3ccc(C)cc3)c3n(c2-c2ccc(C)cc2)[B-](F)(F)[N+]2=C(c4ccc(C)cc4)C(/C=C/C(=O)OC4CC[C@@]5(C)C(=CC[C@@H]6[C@@H]5CC[C@@]5(C)[C@H]6CC[C@@H]5[C@H](C)CCCC(C)C)C4)=C(c4ccc(C)cc4)C2=N3)cc1,ClC(Cl)Cl,0.03
F[B-]1(F)n2ccnc2-c2cccc[n+]21,ClC(Cl)Cl,0.14
F[B-]1(F)n2ccnc2-c2cccc[n+]21,CO,0.03
F[B-]1(F)OC(c2ccccc2)=Nc2sc(-c3ccccc3)n[n+]21,ClC(Cl)Cl,0.05
CCCCOc1ccc(-c2oc3cc4n(c3c2-c2ccc(OCCCC)cc2)[B-](F)(F)[N+]2=Cc3cc5oc(-c6ccc(OCCCC)cc6)c(-c6ccc(OCCCC)cc6)c5n3[B-](F)(F)[N+]2=C4)cc1,ClC(Cl)Cl,0.43
CCCCOc1ccc(-c2cc3c(o2)c(-c2ccc(OCCCC)cc2)c2n3[B-](F)(F)[N+]3=Cc4c(-c5ccc(OCCCC)cc5)c5oc(-c6ccc(OCCCC)cc6)cc5n4[B-](F)(F)[N+]3=C2)cc1,ClC(Cl)Cl,0.41
CCCCOc1ccc(-c2oc3c(-c4ccc(OCCCC)cc4)c4n(c3c2-c2ccc(OCCCC)cc2)[B-](F)(F)[N+]2=Cc3c(-c5ccc(OCCCC)cc5)c5oc(-c6ccc(OCCCC)cc6)c(-c6ccc(OCCCC)cc6)c5n3[B-](F)(F)[N+]2=C4)cc1,ClC(Cl)Cl,0.36
F[B-]1(F)OC(c2ccccc2)=Cc2cc(Cl)nc[n+]21,ClC(Cl)Cl,0.03
F[B-]1(F)OC(c2ccc(C(F)(F)F)cc2)=Cc2cc(Cl)nc[n+]21,ClC(Cl)Cl,0.01
CN(C)c1ccc(C2=Cc3cc(Cl)nc[n+]3[B-](F)(F)O2)cc1,ClC(Cl)Cl,0.82
C#CCOc1ccc(C2=[N+]3C(=Nc4c(-c5ccccc5)cc(-c5ccc(O)cc5)n4[B-]3(F)F)C(c3ccccc3)=C2)cc1,ClC(Cl)Cl,0.37
F[B-]1(F)n2cccc2C=C2c3ccccc3C(c3ccc[nH]3)=[N+]21,CO,0.76
Cc1ccc(C2=[N+]3C(=Cc4ccc(C)n4[B-]3(F)F)c3ccccc32)[nH]1,CO,0.83
Cc1cc(C)c(C2=[N+]3C(=Cc4c(C)cc(C)n4[B-]3(F)F)c3ccccc32)[nH]1,CO,0.03
CCc1c(C)[nH]c(C2=[N+]3C(=Cc4c(C)c(CC)c(C)n4[B-]3(F)F)c3ccccc32)c1C,CO,0.04
Cc1c(C2=[N+]3C(=Cc4c(C)c5ccccc5n4[B-]3(F)F)c3ccccc32)[nH]c2ccccc12,CO,0.03
CC1=C2c3ccccc3C(c3ccc[nH]3)=[N+]2[B-](F)(F)n2cccc21,CO,0.69
CC1=C2c3ccccc3C(c3[nH]c(C)cc3C)=[N+]2[B-](F)(F)n2c(C)cc(C)c21,CO,0.07
CCc1c(C)[nH]c(C2=[N+]3C(=C(C)c4c(C)c(CC)c(C)n4[B-]3(F)F)c3ccccc32)c1C,CO,0.21
Cc1cc(C)n2c1C=C1c3ccccc3C(c3ccc[nH]3)=[N+]1[B-]2(F)F,CO,0.9
Cc1cc(C)n2c1C=C1c3ccccc3C(c3cccn3C)=[N+]1[B-]2(F)F,CO,0.98
CCCCCCCCCCCn1cccc1C1=[N+]2C(=Cc3c(C)cc(C)n3[B-]2(F)F)c2ccccc21,CO,0.96
Cc1ccc(C2=[N+]3C(=Cc4c(C)cc(C)n4[B-]3(F)F)c3ccccc32)[nH]1,CO,0.83
CCc1c(C)[nH]c(C2=[N+]3C(=Cc4c(C)cc(C)n4[B-]3(F)F)c3ccccc32)c1C,CO,0.04
Cc1cc(C)n2c1C=C1c3ccccc3C(c3c[nH]c4ccccc34)=[N+]1[B-]2(F)F,CO,0.96
Cc1cc(C)n2c1C=C1c3ccccc3C(c3[nH]c4ccccc4c3C)=[N+]1[B-]2(F)F,CO,0.02
CCc1c(C)c2n(c1C)[B-](F)(F)[N+]1=C(c3ccc[nH]3)c3ccccc3C1=C2,CO,0.65
CCc1c(C)c2n(c1C)[B-](F)(F)[N+]1=C(c3ccc[nH]3)c3ccccc3C1=C2C,CO,0.97
CCOC(=O)COc1ccc(/C=C/c2cc(C)c3n2[B-](F)(F)[N+]2=C(c4[nH]c(C)cc4C)c4ccccc4C2=C3)cc1,CO,0.08
CCOC(=O)COc1ccc(/C=C/c2c(CC)c(C)c3n2[B-](F)(F)[N+]2=C(c4[nH]c(C)c(CC)c4C)c4ccccc4C2=C3C)cc1,CO,0.2
CCOC(=O)COc1ccc(/C=C/C2=C3c4ccccc4C(c4[nH]c(C)cc4C)=[N+]3[B-](F)(F)n3c(C)cc(C)c32)cc1,CO,0.002
CCOC(=O)COc1ccc(/C=C/C2=C3c4ccccc4C(c4[nH]c(C)cc4C)=[N+]3[B-](F)(F)n3c(/C=C/c4ccc(OCC(=O)OCC)cc4)cc(C)c32)cc1,CO,0.002
CCOC(=O)COc1ccc(/C=C/C2=C3c4ccccc4C(c4ccc[nH]4)=[N+]3[B-](F)(F)n3ccc(C)c32)cc1,CO,0.005
CCc1c(C)[nH]c(C2=[N+]3C(=Cc4c(C)c(CC)c(/C=C/c5ccc(N(C)C)cc5)n4[B-]3(F)F)c3ccccc32)c1C,CO,0.05
CC1=CC(C)=[N+]2C1=C(c1ccccc1)c1c(C)cc(C)n1[B-]2(F)F,CO,0.63
CC1=CC(C)=[N+]2C1=C(c1ccc(N(C)C)cc1)c1c(C)cc(C)n1[B-]2(F)F,CO,0.35
CCN(C)c1ccc(C2=C3C(C)=CC(C)=[N+]3[B-](F)(F)n3c(C)cc(C)c32)cc1,CO,0.44
CC1=CC(C)=[N+]2C1=C(c1ccc(N3CCCCC3)cc1)c1c(C)cc(C)n1[B-]2(F)F,CO,0.4
CCN(CC)c1ccc(C2=C3C(C)=CC(C)=[N+]3[B-](F)(F)n3c(C)cc(C)c32)cc1,CO,0.56
C#CCOc1ccc(/C=C/C2=[N+]3C(=C(c4ccccc4)c4c(C)cc(C)n4[B-]3(F)F)C(C)=C2)cc1,CO,1.0
C#CCOc1ccc(/C=C/C2=[N+]3C(=C(c4ccc(N(C)C)cc4)c4c(C)cc(C)n4[B-]3(F)F)C(C)=C2)cc1,CO,0.66
C#CCOc1ccc(/C=C/C2=[N+]3C(=C(c4ccc(N(C)CC)cc4)c4c(C)cc(C)n4[B-]3(F)F)C(C)=C2)cc1,CO,0.84
C#CCOc1ccc(/C=C/C2=[N+]3C(=C(c4ccc(N5CCCCC5)cc4)c4c(C)cc(C)n4[B-]3(F)F)C(C)=C2)cc1,CO,0.85
C#CCOc1ccc(/C=C/C2=[N+]3C(=C(c4ccc(N(CC)CC)cc4)c4c(C)cc(C)n4[B-]3(F)F)C(C)=C2)cc1,CO,0.84
CC1=CC(/C=C/c2ccc(OCCCN=[N+]=[N-])cc2)=[N+]2C1=C(c1ccccc1)c1c(C)cc(C)n1[B-]2(F)F,CO,1.0
CC1=CC(/C=C/c2ccc(OCCCN=[N+]=[N-])cc2)=[N+]2C1=C(c1ccc(N(C)C)cc1)c1c(C)cc(C)n1[B-]2(F)F,CO,0.59
CCN(C)c1ccc(C2=C3C(C)=CC(/C=C/c4ccc(OCCCN=[N+]=[N-])cc4)=[N+]3[B-](F)(F)n3c(C)cc(C)c32)cc1,CO,0.69
CC1=CC(/C=C/c2ccc(OCCCN=[N+]=[N-])cc2)=[N+]2C1=C(c1ccc(N3CCCCC3)cc1)c1c(C)cc(C)n1[B-]2(F)F,CO,0.81
CCN(CC)c1ccc(C2=C3C(C)=CC(/C=C/c4ccc(OCCCN=[N+]=[N-])cc4)=[N+]3[B-](F)(F)n3c(C)cc(C)c32)cc1,CO,0.82
COC(=O)COc1ccc(/C=C/C2=[N+]3C(=C(c4ccccc4)c4c(C)cc(C)n4[B-]3(F)F)C(C)=C2)cc1,CO,1.0
COC(=O)COc1ccc(/C=C/C2=[N+]3C(=C(c4ccc(N(C)C)cc4)c4c(C)cc(C)n4[B-]3(F)F)C(C)=C2)cc1,CO,0.67
CCN(C)c1ccc(C2=C3C(C)=CC(/C=C/c4ccc(OCC(=O)OC)cc4)=[N+]3[B-](F)(F)n3c(C)cc(C)c32)cc1,CO,0.78
COC(=O)COc1ccc(/C=C/C2=[N+]3C(=C(c4ccc(N5CCCCC5)cc4)c4c(C)cc(C)n4[B-]3(F)F)C(C)=C2)cc1,CO,0.87
CCN(CC)c1ccc(C2=C3C(C)=CC(/C=C/c4ccc(OCC(=O)OC)cc4)=[N+]3[B-](F)(F)n3c(C)cc(C)c32)cc1,CO,0.87
Cc1cc2c(o1)=CC1=C(C(F)(F)F)c3cc4oc(C)cc4n3[B-](F)(F)[N+]=21,ClC(Cl)Cl,0.98
Cc1cc2c(o1)=CC1=Cc3cc4oc(C)cc4n3[B-](F)(F)[N+]=21,CO,0.96
Cc1cc2c(o1)=CC1=C(C(F)(F)F)c3cc4oc(C)cc4n3[B-](F)(F)[N+]=21,CO,0.7
COc1ccc(-c2cc3c(o2)=CC2=Cc4cc5oc(-c6ccc(OC)cc6)cc5n4[B-](F)(F)[N+]=32)cc1,CO,0.77
COc1ccc(-c2cc3c(o2)=CC2=C(C(F)(F)F)c4cc5oc(-c6ccc(OC)cc6)cc5n4[B-](F)(F)[N+]=32)cc1,CO,0.32
Cc1cc(C)c(B(c2cc(-c3ccc(C(F)(F)F)cc3)sc2-c2sc(-c3ccc(C(F)(F)F)cc3)cc2P(=O)(c2ccccc2)c2ccccc2)c2c(C)cc(C)cc2C)c(C)c1,CO,0.41
Cc1cc(C2=Cc3cccc[n+]3[B-](F)(F)O2)ccc1N(C)C,ClC(Cl)Cl,0.688
F[B-]1(F)OC(c2ccc(N3CCCCC3)cc2)=Cc2cccc[n+]21,ClC(Cl)Cl,0.612
CN1CCc2cc(C3=Cc4cccc[n+]4[B-](F)(F)O3)ccc21,ClC(Cl)Cl,0.639
F[B-]1(F)OC(c2ccc(N3CCCC3)cc2)=Cc2cccc[n+]21,ClC(Cl)Cl,0.542
CN1CCCc2cc(C3=Cc4cccc[n+]4[B-](F)(F)O3)ccc21,ClC(Cl)Cl,0.55
F[B-]1(F)OC(c2cc3c4c(c2)CCCN4CCC3)=Cc2cccc[n+]21,ClC(Cl)Cl,0.57
Cc1ccc(C2=C3C=c4c(oc5ccccc45)=[N+]3[B-](F)(F)n3c2cc2c4ccccc4oc23)cc1,CO,0.84
Cc1ccccc1C1=C2C=c3c(oc4ccccc34)=[N+]2[B-](F)(F)n2c1cc1c3ccccc3oc12,CO,0.88
O=Cc1ccc(C2=C3C=c4c(oc5ccccc45)=[N+]3[B-](F)(F)n3c2cc2c4ccccc4oc23)cc1,CO,0.44
COc1ccc(C2=C3C=c4c(oc5ccccc45)=[N+]3[B-](F)(F)n3c2cc2c4ccccc4oc23)cc1,CO,0.79
F[B-]1(F)n2c(cc3c4ccccc4oc32)C(c2ccccc2)=C2C=c3c(oc4ccccc34)=[N+]21,CO,0.76
Cc1ccccc1C1=C2C=c3c(oc4ccc(F)cc34)=[N+]2[B-](F)(F)n2c1cc1c3cc(F)ccc3oc12,CO,0.89
CCCCCCOc1ccc2oc3c(c2c1)=CC1=C(c2ccccc2C)c2cc4c5cc(OCCCCCC)ccc5oc4n2[B-](F)(F)[N+]=31,CO,0.29
Cc1ccccc1C1=C2C=c3c(oc4ccc(C(C)(C)C)cc34)=[N+]2[B-](F)(F)n2c1cc1c3cc(C(C)(C)C)ccc3oc12,CO,0.86
Cc1ccccc1C1=C2C=c3c(oc4c3ccc3ccccc34)=[N+]2[B-](F)(F)n2c1cc1c3ccc4ccccc4c3oc12,CO,0.48
COC(=O)[C@H](Cc1ccc2oc3c(c2c1)=CC1=C(c2ccc(OC)cc2)c2cc4c5cc(C[C@H](NC(=O)OC(C)(C)C)C(=O)OC)ccc5oc4n2[B-](F)(F)[N+]=31)NC(=O)OC(C)(C)C,CO,0.82
COc1ccc(C2=C3C=c4c(oc5cc6c(cc45)[C@H]4CC[C@]5(C)C(=O)CC[C@H]5[C@@H]4CC6)=[N+]3[B-](F)(F)n3c2cc2c4cc5c(cc4oc23)CC[C@@H]2[C@@H]5CC[C@]3(C)C(=O)CC[C@@H]23)cc1,CO,0.52
F[B-]1(F)n2cccc2C=C2C=CC=[N+]21,CO,0.87
C#CCNC1=C2C=CC=[N+]2[B-](F)(F)n2cccc21,CO,0.52
C#CCNC1=C2C(C)=CC(C)=[N+]2[B-](F)(F)n2c(C)cc(C)c21,CO,0.051
CNC1=C2C=CC=[N+]2[B-](F)(F)n2cccc21,CO,0.1
CC(C)(C)NC1=C2C=CC=[N+]2[B-](F)(F)n2cccc21,CO,0.001
O=C1C2=C(O[B-](F)(F)[n+]3c2ccc2ccccc23)c2cccc3c(N4CCOCC4)ccc1c23,CO,0.44
O=C1C2=C(O[B-](F)(F)[n+]3c2ccc2ccccc23)c2ccc(N3CCOCC3)c3cccc1c23,CO,0.45
COc1ccc(C2=c3sc(-c4ccc(OC)cc4)cc3=[N+]3C2=Nc2c(-c4ccc(OC)cc4)c4sc(-c5ccc(OC)cc5)cc4n2[B-]3(F)F)cc1,ClC(Cl)Cl,0.1
CC(C)(C)c1ccc(C2=c3sc(-c4ccc(C(C)(C)C)cc4)cc3=[N+]3C2=Nc2c(-c4ccc(C(C)(C)C)cc4)c4sc(-c5ccc(C(C)(C)C)cc5)cc4n2[B-]3(F)F)cc1,ClC(Cl)Cl,0.12
COc1ccc(C2=c3sc(-c4ccc(OC)cc4)c(-c4ccc(OC)cc4)c3=[N+]3C2=Nc2c(-c4ccc(OC)cc4)c4sc(-c5ccc(OC)cc5)c(-c5ccc(OC)cc5)c4n2[B-]3(F)F)cc1,ClC(Cl)Cl,0.04
CC(C)(C)c1ccc(C2=c3sc(-c4ccc(C(C)(C)C)cc4)c(-c4ccc(C(C)(C)C)cc4)c3=[N+]3C2=Nc2c(-c4ccc(C(C)(C)C)cc4)c4sc(-c5ccc(C(C)(C)C)cc5)c(-c5ccc(C(C)(C)C)cc5)c4n2[B-]3(F)F)cc1,ClC(Cl)Cl,0.05
CC(C)(C)c1ccc(C2=CC(c3ccccc3)=[N+]3C2=Nc2c(-c4ccc(C(C)(C)C)cc4)cc(-c4ccccc4)n2[B-]3(F)F)cc1,ClC(Cl)Cl,0.25
